user_id,username,email,password,registration_date
1,virginia16,timothy70@example.com,%Q@qkMLjs5,2022-07-16
2,gwoods,noahjoyce@example.net,_N7X$HgJ#f,2021-05-03
3,ekelly,turnerdrew@example.net,+mU49dCx26,2020-08-06
4,qwalker,howelljennifer@example.com,!&j8OsYCZx,2022-01-29
5,tonyclark,xrollins@example.net,$u7HZCv6E*,2023-05-28
6,joseph15,sarahsimpson@example.net,N45HI%)r_2,2021-01-16
7,stownsend,rgaines@example.org,!ZL2vrLit9,2022-04-13
8,ashley74,benjaminsanchez@example.org,0z!p2JWew2,2021-05-02
9,ajenkins,alyssaphelps@example.com,a4Ku*Ps1_q,2023-10-13
10,andrewssamantha,tannersteven@example.net,^zKCW+jwz7,2021-11-08
11,margaret95,jamesclayton@example.net,!Wl4+LJj@&,2021-08-07
12,lperez,wyoung@example.com,+8AENpTc6@,2023-04-20
13,michelenguyen,jensentiffany@example.net,ep+8qDhxr9,2024-06-04
14,eweber,vhughes@example.net,O9Hd&HtD)Q,2020-12-26
15,dtorres,icarr@example.net,O#+()6PlR%,2020-12-20
16,ewilson,jamieperez@example.net,fZ914Mel*(,2022-11-13
17,willislaura,ahayes@example.net,WoSD1Ig7$9,2022-04-13
18,moyerjulie,jesusbrooks@example.org,0SC$aUIS!p,2020-03-06
19,boliver,shawdavid@example.net,T7#^G0qe*(,2020-06-26
20,danielsmith,andersonjeffrey@example.com,e71LL%eG#v,2020-04-16
21,nwagner,jacksonjessica@example.com,vWZgMZq9@1,2023-07-12
22,lauracole,jessicabyrd@example.org,#x5m2Y#v@#,2020-02-19
23,parkanthony,imiller@example.org,UL_8I8OvYF,2023-06-25
24,ereed,xwhite@example.org,%)ab4EhDSc,2023-09-14
25,brandonnash,lanechristopher@example.net,p*6HnOu7K5,2024-03-29
26,kathryn37,amy63@example.com,#cvVH1mfV4,2020-03-25
27,dgill,xhouse@example.net,1V^ni6Oi^!,2024-02-16
28,jennifer40,judith53@example.com,UA+1PCDedu,2021-03-28
29,bettycox,halljeffrey@example.net,#6suLHHvR3,2020-12-31
30,blackashley,francessantos@example.org,(3iQyDjakc,2019-09-16
31,dmoss,jcarter@example.com,!OR3972x7a,2019-08-25
32,brandievans,lucasbryan@example.com,&&7%ZqtPzx,2024-04-12
33,reneetate,pateljames@example.org,*7GZuNHYJr,2020-05-28
34,brivers,edward17@example.org,%th75TuT+e,2021-05-13
35,rodney74,paigebowers@example.com,@_4^(HXj#O,2020-01-21
36,debra97,bakerdaniel@example.net,6iEZfY9S*c,2023-03-13
37,larrywest,heatherbarnett@example.net,6y#WmIeM*#,2022-03-26
38,brandonlopez,haydenjennifer@example.org,kkAPTDGc^2,2020-02-14
39,fjohnson,zchristian@example.org,#L33QJaq+M,2022-09-28
40,reneelittle,alexandrawalker@example.net,$dyPwipbm0,2022-02-18
41,andersondale,nicholasgarcia@example.org,$7vLoS+v^Z,2023-11-07
42,cynthia24,mdaniels@example.org,IXw_Nk1J$8,2020-10-22
43,cynthiaphillips,donald66@example.org,%H^L9*ydL0,2024-03-26
44,kimberlyflores,alexandria27@example.com,&Vj6LPp$MN,2024-06-17
45,hoganricky,anthony47@example.org,U$s8Gsi)V5,2022-10-16
46,andersonivan,danielgarcia@example.com,c%+4FnezXg,2023-10-15
47,bendercarlos,don81@example.net,3#5G8hPp*_,2019-11-28
48,ecook,danielle05@example.org,&)jSm@h)7L,2022-08-15
49,zachary09,tiffanytate@example.net,&52xpRsfQ8,2022-11-05
50,aaron02,emilyvega@example.org,6EUe$zFD&h,2020-12-13
